"";"Context";"Subject";"Day";"CellType";"Rate"
"1";"Within";"AK42_CA1_d7_TT2_02.t";"Day 1";"FI";0,227230811
"2";"Within";"AK42_CA1_d7_TT2_03.t";"Day 1";"FI";0,040877317
"3";"Within";"AK42_CA1_d7_TT2_04.t";"Day 1";"FI";0,093860472
"4";"Within";"AK42_CA1_d7_TT2_05.t";"Day 1";"FI";0,260589788
"5";"Within";"AK42_CA1_d7_TT4_03.t";"Day 1";"FI";0,12323631
"6";"Within";"AK42_CA1_d7_TT4_04.t";"Day 1";"FI";0,112143021
"7";"Within";"AK42_CA1_d7_TT5_01.t";"Day 1";"FI";0,086994319
"8";"Within";"AK42_CA1_d7_TT5_02.t";"Day 1";"FI";0,088358827
"9";"Within";"AK42_CA1_d7_TT5_03.t";"Day 1";"FI";0,203120274
"10";"Within";"AK42_CA1_d7_TT5_04.t";"Day 1";"FI";0,177901835
"11";"Within";"AK42_CA1_d7_TT5_05.t";"Day 1";"FI";0,282843308
"12";"Within";"AK74_CA1_d1_TT4_02.t";"Day 1";"FI";0,076591261
"13";"Within";"AK74_CA1_d1_TT4_06.t";"Day 1";"FI";0,142658973
"14";"Within";"CMG159_recut_s6_TT1_1.t";"Day 1";"FI";0,079207676
"15";"Within";"CMG159_recut_s6_TT1_2.t";"Day 1";"FI";0,055116883
"16";"Within";"CMG159_recut_s6_TT1_5.t";"Day 1";"FI";0,131623585
"17";"Within";"CMG159_recut_s6_TT1_6.t";"Day 1";"FI";0,195807342
"18";"Within";"CMG159_recut_s6_TT1_7.t";"Day 1";"FI";0,062013706
"19";"Within";"CMG159_recut_s6_TT2_3.t";"Day 1";"FI";0,150858717
"20";"Within";"CMG159_recut_s6_TT2_4.t";"Day 1";"FI";0,303380484
"21";"Within";"CMG159_recut_s6_TT2_5.t";"Day 1";"FI";0,059088303
"22";"Within";"CMG159_recut_s6_TT2_6.t";"Day 1";"FI";0,120831977
"23";"Within";"CMG159_recut_s6_TT2_7.t";"Day 1";"FI";0,088229408
"24";"Within";"CMG159_recut_s6_TT2_8.t";"Day 1";"FI";0,148301635
"25";"Within";"CMG159_recut_s6_TT4_2.t";"Day 1";"FI";0,244840107
"26";"Within";"CMG159_recut_s6_TT4_3.t";"Day 1";"FI";0,060069549
"27";"Within";"CMG159_recut_s6_TT4_4.t";"Day 1";"FI";0,089470589
"28";"Within";"CMG159_recut_s6_TT4_5.t";"Day 1";"FI";0,253385175
"29";"Within";"CMG159_recut_s6_TT4_6.t";"Day 1";"FI";0,162124343
"30";"Within";"CMG159_recut_s6_TT6_1.t";"Day 1";"FI";0,359519909
"31";"Within";"CMG159_recut_s6_TT6_2.t";"Day 1";"FI";0,668201424
"32";"Within";"CMG159_recut_s6_TT6_3.t";"Day 1";"FI";0,513490249
"33";"Within";"CMG159_recut_s6_TT6_4.t";"Day 1";"FI";0,132092016
"34";"Within";"CMG159_recut_s6_TT6_5.t";"Day 1";"FI";0,330308422
"35";"Within";"CMG159_recut_s6_TT6_6.t";"Day 1";"FI";0,054203957
"36";"Within";"CMG159_recut_s6_TT6_8.t";"Day 1";"FI";0,184158118
"37";"Within";"HGY1_recut_d1_TT2_1.t";"Day 1";"FI";0,37395412
"38";"Within";"HGY1_recut_d1_TT4_1.t";"Day 1";"FI";0,122017706
"39";"Within";"HGY1_recut_d1_TT4_2.t";"Day 1";"FI";0,123403021
"40";"Within";"HGY1_recut_d1_TT4_3.t";"Day 1";"FI";0,153904692
"41";"Within";"HGY1_recut_d1_TT4_4.t";"Day 1";"FI";0,057138004
"42";"Within";"HGY1_recut_d1_TT4_6.t";"Day 1";"FI";0,046175158
"43";"Within";"HGY1_recut_d1_TT5_1.t";"Day 1";"FI";0,114326351
"44";"Within";"HGY1_recut_d1_TT5_2.t";"Day 1";"FI";0,42020072
"45";"Within";"HGY1_recut_d1_TT5_3.t";"Day 1";"FI";0,350235715
"46";"Within";"HGY1_recut_d1_TT5_4.t";"Day 1";"FI";0,426077993
"47";"Within";"HGY1_recut_d1_TT5_5.t";"Day 1";"FI";0,108370747
"48";"Within";"HGY1_recut_d1_TT5_6.t";"Day 1";"FI";0,173629559
"49";"Within";"HGY1_recut_d1_TT5_7.t";"Day 1";"FI";0,16008853
"50";"Within";"JJ9_CA1_d1_TT2_02.t";"Day 1";"FI";0,118127827
"51";"Within";"JJ9_CA1_d1_TT2_06.t";"Day 1";"FI";0,035799928
"52";"Within";"JJ9_CA1_d1_TT5_01.t";"Day 1";"FI";0,093454449
"53";"Within";"JJ9_CA1_d1_TT5_02.t";"Day 1";"FI";0,042213142
"54";"Within";"JJ9_CA1_d1_TT5_03.t";"Day 1";"FI";0,236850248
"55";"Within";"JJ9_CA1_d1_TT5_04.t";"Day 1";"FI";0,342423904
"56";"Within";"JJ9_CA1_d1_TT5_05.t";"Day 1";"FI";0,172360204
"57";"Within";"JJ9_CA1_d1_TT5_06.t";"Day 1";"FI";0,397991634
"58";"Within";"K1_CA1_d1_TT1_1.t";"Day 1";"FI";0,073956311
"59";"Within";"K1_CA1_d1_TT2_1.t";"Day 1";"FI";0,084155078
"60";"Within";"K1_CA1_d1_TT2_2.t";"Day 1";"FI";0,230760532
"61";"Within";"K1_CA1_d1_TT2_3.t";"Day 1";"FI";0,087426689
"62";"Within";"K1_CA1_d1_TT3_1.t";"Day 1";"FI";0,13184681
"63";"Within";"K1_CA1_d1_TT3_2.t";"Day 1";"FI";0,379142151
"64";"Within";"K1_CA1_d1_TT3_4.t";"Day 1";"FI";0,050680519
"65";"Within";"MG1_d6_TT3_1.t";"Day 1";"FI";0,108375187
"66";"Within";"MG1_d6_TT3_10.t";"Day 1";"FI";0,050377957
"67";"Within";"MG1_d6_TT3_11.t";"Day 1";"FI";0,086549616
"68";"Within";"MG1_d6_TT3_13.t";"Day 1";"FI";0,065538786
"69";"Within";"MG1_d6_TT3_2.t";"Day 1";"FI";0,293314706
"70";"Within";"MG1_d6_TT3_3.t";"Day 1";"FI";0,089483131
"71";"Within";"MG1_d6_TT3_4.t";"Day 1";"FI";0,077777101
"72";"Within";"MG1_d6_TT3_5.t";"Day 1";"FI";0,321890685
"73";"Within";"MG1_d6_TT3_6.t";"Day 1";"FI";0,274178792
"74";"Within";"MG1_d6_TT3_7.t";"Day 1";"FI";0,349999567
"75";"Within";"MG1_d6_TT3_8.t";"Day 1";"FI";0,794688202
"76";"Within";"MG1_d6_TT3_9.t";"Day 1";"FI";0,210757677
"77";"Across";"AK42_CA1_d7_TT2_02.t";"Day 1";"FI";0,199933701
"78";"Across";"AK42_CA1_d7_TT2_03.t";"Day 1";"FI";0,043225258
"79";"Across";"AK42_CA1_d7_TT2_04.t";"Day 1";"FI";0,105810568
"80";"Across";"AK42_CA1_d7_TT2_05.t";"Day 1";"FI";0,237464931
"81";"Across";"AK42_CA1_d7_TT4_03.t";"Day 1";"FI";0,127228454
"82";"Across";"AK42_CA1_d7_TT4_04.t";"Day 1";"FI";0,103111862
"83";"Across";"AK42_CA1_d7_TT5_01.t";"Day 1";"FI";0,077491897
"84";"Across";"AK42_CA1_d7_TT5_02.t";"Day 1";"FI";0,120755994
"85";"Across";"AK42_CA1_d7_TT5_03.t";"Day 1";"FI";0,189648196
"86";"Across";"AK42_CA1_d7_TT5_04.t";"Day 1";"FI";0,16850024
"87";"Across";"AK42_CA1_d7_TT5_05.t";"Day 1";"FI";0,256790986
"88";"Across";"AK74_CA1_d1_TT4_02.t";"Day 1";"FI";0,073569352
"89";"Across";"AK74_CA1_d1_TT4_06.t";"Day 1";"FI";0,124228286
"90";"Across";"CMG159_recut_s6_TT1_1.t";"Day 1";"FI";0,429127978
"91";"Across";"CMG159_recut_s6_TT1_2.t";"Day 1";"FI";0,164089599
"92";"Across";"CMG159_recut_s6_TT1_5.t";"Day 1";"FI";0,105947042
"93";"Across";"CMG159_recut_s6_TT1_6.t";"Day 1";"FI";0,165151591
"94";"Across";"CMG159_recut_s6_TT1_7.t";"Day 1";"FI";0,058997303
"95";"Across";"CMG159_recut_s6_TT2_3.t";"Day 1";"FI";0,131447292
"96";"Across";"CMG159_recut_s6_TT2_4.t";"Day 1";"FI";0,271907729
"97";"Across";"CMG159_recut_s6_TT2_5.t";"Day 1";"FI";0,113251591
"98";"Across";"CMG159_recut_s6_TT2_6.t";"Day 1";"FI";0,115718741
"99";"Across";"CMG159_recut_s6_TT2_7.t";"Day 1";"FI";0,075090546
"100";"Across";"CMG159_recut_s6_TT2_8.t";"Day 1";"FI";0,141889723
"101";"Across";"CMG159_recut_s6_TT4_2.t";"Day 1";"FI";0,29070954
"102";"Across";"CMG159_recut_s6_TT4_3.t";"Day 1";"FI";0,062558883
"103";"Across";"CMG159_recut_s6_TT4_4.t";"Day 1";"FI";0,07341831
"104";"Across";"CMG159_recut_s6_TT4_5.t";"Day 1";"FI";0,252685255
"105";"Across";"CMG159_recut_s6_TT4_6.t";"Day 1";"FI";0,210354687
"106";"Across";"CMG159_recut_s6_TT6_1.t";"Day 1";"FI";0,307708766
"107";"Across";"CMG159_recut_s6_TT6_2.t";"Day 1";"FI";0,566541841
"108";"Across";"CMG159_recut_s6_TT6_3.t";"Day 1";"FI";0,491902928
"109";"Across";"CMG159_recut_s6_TT6_4.t";"Day 1";"FI";0,155858675
"110";"Across";"CMG159_recut_s6_TT6_5.t";"Day 1";"FI";0,325677724
"111";"Across";"CMG159_recut_s6_TT6_6.t";"Day 1";"FI";0,045335611
"112";"Across";"CMG159_recut_s6_TT6_8.t";"Day 1";"FI";0,159587779
"113";"Across";"HGY1_recut_d1_TT2_1.t";"Day 1";"FI";0,459939006
"114";"Across";"HGY1_recut_d1_TT4_1.t";"Day 1";"FI";0,119354858
"115";"Across";"HGY1_recut_d1_TT4_2.t";"Day 1";"FI";0,131435659
"116";"Across";"HGY1_recut_d1_TT4_3.t";"Day 1";"FI";0,152304639
"117";"Across";"HGY1_recut_d1_TT4_4.t";"Day 1";"FI";0,044574806
"118";"Across";"HGY1_recut_d1_TT4_6.t";"Day 1";"FI";0,042327248
"119";"Across";"HGY1_recut_d1_TT5_1.t";"Day 1";"FI";0,104638269
"120";"Across";"HGY1_recut_d1_TT5_2.t";"Day 1";"FI";0,44138666
"121";"Across";"HGY1_recut_d1_TT5_3.t";"Day 1";"FI";0,294650692
"122";"Across";"HGY1_recut_d1_TT5_4.t";"Day 1";"FI";0,357991053
"123";"Across";"HGY1_recut_d1_TT5_5.t";"Day 1";"FI";0,132484334
"124";"Across";"HGY1_recut_d1_TT5_6.t";"Day 1";"FI";0,138993766
"125";"Across";"HGY1_recut_d1_TT5_7.t";"Day 1";"FI";0,140515495
"126";"Across";"JJ9_CA1_d1_TT2_02.t";"Day 1";"FI";0,113392828
"127";"Across";"JJ9_CA1_d1_TT2_06.t";"Day 1";"FI";0,040036884
"128";"Across";"JJ9_CA1_d1_TT5_01.t";"Day 1";"FI";0,098032578
"129";"Across";"JJ9_CA1_d1_TT5_02.t";"Day 1";"FI";0,038456621
"130";"Across";"JJ9_CA1_d1_TT5_03.t";"Day 1";"FI";0,17807356
"131";"Across";"JJ9_CA1_d1_TT5_04.t";"Day 1";"FI";0,348370529
"132";"Across";"JJ9_CA1_d1_TT5_05.t";"Day 1";"FI";0,300385108
"133";"Across";"JJ9_CA1_d1_TT5_06.t";"Day 1";"FI";0,708953148
"134";"Across";"K1_CA1_d1_TT1_1.t";"Day 1";"FI";0,061773943
"135";"Across";"K1_CA1_d1_TT2_1.t";"Day 1";"FI";0,077611914
"136";"Across";"K1_CA1_d1_TT2_2.t";"Day 1";"FI";0,215700359
"137";"Across";"K1_CA1_d1_TT2_3.t";"Day 1";"FI";0,071091126
"138";"Across";"K1_CA1_d1_TT3_1.t";"Day 1";"FI";0,125132729
"139";"Across";"K1_CA1_d1_TT3_2.t";"Day 1";"FI";0,29131878
"140";"Across";"K1_CA1_d1_TT3_4.t";"Day 1";"FI";0,06397683
"141";"Across";"MG1_d6_TT3_1.t";"Day 1";"FI";0,106204952
"142";"Across";"MG1_d6_TT3_10.t";"Day 1";"FI";0,045036745
"143";"Across";"MG1_d6_TT3_11.t";"Day 1";"FI";0,113487332
"144";"Across";"MG1_d6_TT3_13.t";"Day 1";"FI";0,062499004
"145";"Across";"MG1_d6_TT3_2.t";"Day 1";"FI";0,303198373
"146";"Across";"MG1_d6_TT3_3.t";"Day 1";"FI";0,100088144
"147";"Across";"MG1_d6_TT3_4.t";"Day 1";"FI";0,066978394
"148";"Across";"MG1_d6_TT3_5.t";"Day 1";"FI";0,289025371
"149";"Across";"MG1_d6_TT3_6.t";"Day 1";"FI";0,24518332
"150";"Across";"MG1_d6_TT3_7.t";"Day 1";"FI";0,306190219
"151";"Across";"MG1_d6_TT3_8.t";"Day 1";"FI";1,137393437
"152";"Across";"MG1_d6_TT3_9.t";"Day 1";"FI";0,182281496
"153";"Within";"AK42_CA1_d8_TT2_03.t";"Day 2";"FI";0,101564513
"154";"Within";"AK42_CA1_d8_TT2_04.t";"Day 2";"FI";0,085299453
"155";"Within";"AK42_CA1_d8_TT2_05.t";"Day 2";"FI";0,291367931
"156";"Within";"AK42_CA1_d8_TT5_01.t";"Day 2";"FI";0,114665234
"157";"Within";"AK42_CA1_d8_TT5_02.t";"Day 2";"FI";0,088082412
"158";"Within";"AK42_CA1_d8_TT5_03.t";"Day 2";"FI";0,139201879
"159";"Within";"AK42_CA1_d8_TT5_04.t";"Day 2";"FI";0,050464143
"160";"Within";"AK74_CA1_d2_TT4_02.t";"Day 2";"FI";0,134765368
"161";"Within";"CMG159_recut_s7_TT1_2.t";"Day 2";"FI";0,391452895
"162";"Within";"CMG159_recut_s7_TT1_3.t";"Day 2";"FI";0,358625317
"163";"Within";"CMG159_recut_s7_TT1_5.t";"Day 2";"FI";0,132686086
"164";"Within";"CMG159_recut_s7_TT1_6.t";"Day 2";"FI";0,221768498
"165";"Within";"CMG159_recut_s7_TT2_1.t";"Day 2";"FI";0,220833226
"166";"Within";"CMG159_recut_s7_TT2_10.t";"Day 2";"FI";0,097057449
"167";"Within";"CMG159_recut_s7_TT2_2.t";"Day 2";"FI";0,116999496
"168";"Within";"CMG159_recut_s7_TT2_4.t";"Day 2";"FI";0,041398817
"169";"Within";"CMG159_recut_s7_TT2_7.t";"Day 2";"FI";0,12506874
"170";"Within";"CMG159_recut_s7_TT2_9.t";"Day 2";"FI";0,092003205
"171";"Within";"CMG159_recut_s7_TT3_1.t";"Day 2";"FI";0,310865437
"172";"Within";"CMG159_recut_s7_TT3_2.t";"Day 2";"FI";0,052659802
"173";"Within";"CMG159_recut_s7_TT3_3.t";"Day 2";"FI";0,102486895
"174";"Within";"CMG159_recut_s7_TT4_1.t";"Day 2";"FI";0,235394216
"175";"Within";"CMG159_recut_s7_TT4_2.t";"Day 2";"FI";0,066329003
"176";"Within";"CMG159_recut_s7_TT4_3.t";"Day 2";"FI";0,051541534
"177";"Within";"CMG159_recut_s7_TT6_1.t";"Day 2";"FI";0,159272878
"178";"Within";"CMG159_recut_s7_TT6_3.t";"Day 2";"FI";0,035664139
"179";"Within";"CMG159_recut_s7_TT6_4.t";"Day 2";"FI";0,127647639
"180";"Within";"JJ9_CA1_d2_TT2_01.t";"Day 2";"FI";0,179994144
"181";"Within";"JJ9_CA1_d2_TT2_02.t";"Day 2";"FI";0,21640651
"182";"Within";"JJ9_CA1_d2_TT2_03.t";"Day 2";"FI";0,363072031
"183";"Within";"JJ9_CA1_d2_TT2_04.t";"Day 2";"FI";0,327937484
"184";"Within";"JJ9_CA1_d2_TT2_05.t";"Day 2";"FI";0,153923288
"185";"Within";"JJ9_CA1_d2_TT5_01.t";"Day 2";"FI";0,744637993
"186";"Within";"JJ9_CA1_d2_TT5_02.t";"Day 2";"FI";0,49788717
"187";"Within";"JJ9_CA1_d2_TT5_03.t";"Day 2";"FI";1,384586004
"188";"Within";"JJ9_CA1_d2_TT5_04.t";"Day 2";"FI";0,454047592
"189";"Within";"JJ9_CA1_d2_TT5_05.t";"Day 2";"FI";0,943025685
"190";"Within";"JJ9_CA1_d2_TT5_06.t";"Day 2";"FI";0,222315984
"191";"Within";"JJ9_CA1_d2_TT5_07.t";"Day 2";"FI";0,142520871
"192";"Within";"K1_CA1_d2_TT1_1.t";"Day 2";"FI";0,134261417
"193";"Within";"K1_CA1_d2_TT1_2.t";"Day 2";"FI";0,114620606
"194";"Within";"K1_CA1_d2_TT1_3.t";"Day 2";"FI";0,127246735
"195";"Within";"K1_CA1_d2_TT2_1.t";"Day 2";"FI";0,099944653
"196";"Within";"K1_CA1_d2_TT2_2.t";"Day 2";"FI";0,267721259
"197";"Within";"K1_CA1_d2_TT2_6.t";"Day 2";"FI";0,052058269
"198";"Within";"K1_CA1_d2_TT2_7.t";"Day 2";"FI";0,081070363
"199";"Within";"K1_CA1_d2_TT2_8.t";"Day 2";"FI";0,03334212
"200";"Within";"K1_CA1_d2_TT3_1.t";"Day 2";"FI";0,1419233
"201";"Within";"K1_CA1_d2_TT3_2.t";"Day 2";"FI";0,06600716
"202";"Within";"K1_CA1_d2_TT3_3.t";"Day 2";"FI";0,315934497
"203";"Within";"K1_CA1_d2_TT3_4.t";"Day 2";"FI";0,271505376
"204";"Within";"K1_CA1_d2_TT3_6.t";"Day 2";"FI";0,239848589
"205";"Within";"K1_CA1_d2_TT3_7.t";"Day 2";"FI";0,188424991
"206";"Within";"K1_CA1_d2_TT4_2.t";"Day 2";"FI";0,025858165
"207";"Within";"MG1_d7_TT3_1.t";"Day 2";"FI";0,091896244
"208";"Within";"MG1_d7_TT3_11.t";"Day 2";"FI";0,147392469
"209";"Within";"MG1_d7_TT3_12.t";"Day 2";"FI";0,055045299
"210";"Within";"MG1_d7_TT3_13.t";"Day 2";"FI";0,220736245
"211";"Within";"MG1_d7_TT3_14.t";"Day 2";"FI";0,08716975
"212";"Within";"MG1_d7_TT3_15.t";"Day 2";"FI";0,176640122
"213";"Within";"MG1_d7_TT3_17.t";"Day 2";"FI";0,048385877
"214";"Within";"MG1_d7_TT3_3.t";"Day 2";"FI";0,125686164
"215";"Within";"MG1_d7_TT3_4.t";"Day 2";"FI";0,20260031
"216";"Within";"MG1_d7_TT3_6.t";"Day 2";"FI";0,094383716
"217";"Within";"MG1_d7_TT3_7.t";"Day 2";"FI";0,037141425
"218";"Within";"MG1_d7_TT3_8.t";"Day 2";"FI";0,483619935
"219";"Within";"MG1_d7_TT3_9.t";"Day 2";"FI";0,156972789
"220";"Within";"MG1_d7_TT4_1.t";"Day 2";"FI";0,270199583
"221";"Across";"AK42_CA1_d8_TT2_03.t";"Day 2";"FI";0,089065974
"222";"Across";"AK42_CA1_d8_TT2_04.t";"Day 2";"FI";0,099385606
"223";"Across";"AK42_CA1_d8_TT2_05.t";"Day 2";"FI";0,265044093
"224";"Across";"AK42_CA1_d8_TT5_01.t";"Day 2";"FI";0,14336576
"225";"Across";"AK42_CA1_d8_TT5_02.t";"Day 2";"FI";0,153505325
"226";"Across";"AK42_CA1_d8_TT5_03.t";"Day 2";"FI";0,131845837
"227";"Across";"AK42_CA1_d8_TT5_04.t";"Day 2";"FI";0,070697493
"228";"Across";"AK74_CA1_d2_TT4_02.t";"Day 2";"FI";0,305986354
"229";"Across";"CMG159_recut_s7_TT1_2.t";"Day 2";"FI";0,451408057
"230";"Across";"CMG159_recut_s7_TT1_3.t";"Day 2";"FI";0,334290712
"231";"Across";"CMG159_recut_s7_TT1_5.t";"Day 2";"FI";0,159785734
"232";"Across";"CMG159_recut_s7_TT1_6.t";"Day 2";"FI";0,19163114
"233";"Across";"CMG159_recut_s7_TT2_1.t";"Day 2";"FI";0,270163375
"234";"Across";"CMG159_recut_s7_TT2_10.t";"Day 2";"FI";0,272350568
"235";"Across";"CMG159_recut_s7_TT2_2.t";"Day 2";"FI";0,15941026
"236";"Across";"CMG159_recut_s7_TT2_4.t";"Day 2";"FI";0,198188844
"237";"Across";"CMG159_recut_s7_TT2_7.t";"Day 2";"FI";0,152744493
"238";"Across";"CMG159_recut_s7_TT2_9.t";"Day 2";"FI";0,084069401
"239";"Across";"CMG159_recut_s7_TT3_1.t";"Day 2";"FI";1,025932185
"240";"Across";"CMG159_recut_s7_TT3_2.t";"Day 2";"FI";0,04784305
"241";"Across";"CMG159_recut_s7_TT3_3.t";"Day 2";"FI";0,086109967
"242";"Across";"CMG159_recut_s7_TT4_1.t";"Day 2";"FI";0,187944801
"243";"Across";"CMG159_recut_s7_TT4_2.t";"Day 2";"FI";0,067678326
"244";"Across";"CMG159_recut_s7_TT4_3.t";"Day 2";"FI";0,07129114
"245";"Across";"CMG159_recut_s7_TT6_1.t";"Day 2";"FI";0,227419876
"246";"Across";"CMG159_recut_s7_TT6_3.t";"Day 2";"FI";0,029827624
"247";"Across";"CMG159_recut_s7_TT6_4.t";"Day 2";"FI";0,113439807
"248";"Across";"JJ9_CA1_d2_TT2_01.t";"Day 2";"FI";0,19236464
"249";"Across";"JJ9_CA1_d2_TT2_02.t";"Day 2";"FI";0,197639404
"250";"Across";"JJ9_CA1_d2_TT2_03.t";"Day 2";"FI";0,325948976
"251";"Across";"JJ9_CA1_d2_TT2_04.t";"Day 2";"FI";0,333154572
"252";"Across";"JJ9_CA1_d2_TT2_05.t";"Day 2";"FI";0,145545227
"253";"Across";"JJ9_CA1_d2_TT5_01.t";"Day 2";"FI";0,653707867
"254";"Across";"JJ9_CA1_d2_TT5_02.t";"Day 2";"FI";0,784702491
"255";"Across";"JJ9_CA1_d2_TT5_03.t";"Day 2";"FI";1,281936293
"256";"Across";"JJ9_CA1_d2_TT5_04.t";"Day 2";"FI";0,408529697
"257";"Across";"JJ9_CA1_d2_TT5_05.t";"Day 2";"FI";1,081781721
"258";"Across";"JJ9_CA1_d2_TT5_06.t";"Day 2";"FI";0,318180372
"259";"Across";"JJ9_CA1_d2_TT5_07.t";"Day 2";"FI";0,125026447
"260";"Across";"K1_CA1_d2_TT1_1.t";"Day 2";"FI";0,11753305
"261";"Across";"K1_CA1_d2_TT1_2.t";"Day 2";"FI";0,113576224
"262";"Across";"K1_CA1_d2_TT1_3.t";"Day 2";"FI";0,110550537
"263";"Across";"K1_CA1_d2_TT2_1.t";"Day 2";"FI";0,089385045
"264";"Across";"K1_CA1_d2_TT2_2.t";"Day 2";"FI";0,235736432
"265";"Across";"K1_CA1_d2_TT2_6.t";"Day 2";"FI";0,046653724
"266";"Across";"K1_CA1_d2_TT2_7.t";"Day 2";"FI";0,070073433
"267";"Across";"K1_CA1_d2_TT2_8.t";"Day 2";"FI";0,02609963
"268";"Across";"K1_CA1_d2_TT3_1.t";"Day 2";"FI";0,129606648
"269";"Across";"K1_CA1_d2_TT3_2.t";"Day 2";"FI";0,061188487
"270";"Across";"K1_CA1_d2_TT3_3.t";"Day 2";"FI";0,283948388
"271";"Across";"K1_CA1_d2_TT3_4.t";"Day 2";"FI";0,239378953
"272";"Across";"K1_CA1_d2_TT3_6.t";"Day 2";"FI";0,223573863
"273";"Across";"K1_CA1_d2_TT3_7.t";"Day 2";"FI";0,176297424
"274";"Across";"K1_CA1_d2_TT4_2.t";"Day 2";"FI";0,02498632
"275";"Across";"MG1_d7_TT3_1.t";"Day 2";"FI";0,094195269
"276";"Across";"MG1_d7_TT3_11.t";"Day 2";"FI";0,170925777
"277";"Across";"MG1_d7_TT3_12.t";"Day 2";"FI";0,059143889
"278";"Across";"MG1_d7_TT3_13.t";"Day 2";"FI";0,212801204
"279";"Across";"MG1_d7_TT3_14.t";"Day 2";"FI";0,08778949
"280";"Across";"MG1_d7_TT3_15.t";"Day 2";"FI";0,237377452
"281";"Across";"MG1_d7_TT3_17.t";"Day 2";"FI";0,044345598
"282";"Across";"MG1_d7_TT3_3.t";"Day 2";"FI";0,192816463
"283";"Across";"MG1_d7_TT3_4.t";"Day 2";"FI";0,190217764
"284";"Across";"MG1_d7_TT3_6.t";"Day 2";"FI";0,121224336
"285";"Across";"MG1_d7_TT3_7.t";"Day 2";"FI";0,039191414
"286";"Across";"MG1_d7_TT3_8.t";"Day 2";"FI";0,437311398
"287";"Across";"MG1_d7_TT3_9.t";"Day 2";"FI";0,241059827
"288";"Across";"MG1_d7_TT4_1.t";"Day 2";"FI";0,252410055
"289";"Within";"AK42_CA1_d9_TT2_01.t";"Day 3";"FI";0,275728092
"290";"Within";"AK42_CA1_d9_TT2_02.t";"Day 3";"FI";0,247970785
"291";"Within";"AK42_CA1_d9_TT2_03.t";"Day 3";"FI";0,035431619
"292";"Within";"AK42_CA1_d9_TT4_01.t";"Day 3";"FI";0,219652683
"293";"Within";"AK42_CA1_d9_TT4_02.t";"Day 3";"FI";0,132404869
"294";"Within";"AK42_CA1_d9_TT4_05.t";"Day 3";"FI";0,169176293
"295";"Within";"AK42_CA1_d9_TT5_01.t";"Day 3";"FI";0,089243532
"296";"Within";"AK42_CA1_d9_TT5_02.t";"Day 3";"FI";0,062885621
"297";"Within";"AK42_CA1_d9_TT5_03.t";"Day 3";"FI";0,020649362
"298";"Within";"AK42_CA1_d9_TT5_04.t";"Day 3";"FI";0,241357815
"299";"Within";"AK42_CA1_d9_TT5_05.t";"Day 3";"FI";0,126498782
"300";"Within";"AK74_CA1_d3_TT4_01.t";"Day 3";"FI";0,131588801
"301";"Within";"AK74_CA1_d3_TT4_02.t";"Day 3";"FI";0,346007083
"302";"Within";"AK74_CA1_d3_TT4_04.t";"Day 3";"FI";0,101153338
"303";"Within";"AK74_CA1_d3_TT4_07.t";"Day 3";"FI";0,136165694
"304";"Within";"AK74_CA1_d3_TT4_08.t";"Day 3";"FI";0,079658885
"305";"Within";"CMG159_recut_s8_TT1_2.t";"Day 3";"FI";0,134244107
"306";"Within";"CMG159_recut_s8_TT1_3.t";"Day 3";"FI";0,515645212
"307";"Within";"CMG159_recut_s8_TT1_4.t";"Day 3";"FI";0,43572574
"308";"Within";"CMG159_recut_s8_TT2_1.t";"Day 3";"FI";0,119459408
"309";"Within";"CMG159_recut_s8_TT2_2.t";"Day 3";"FI";0,155343718
"310";"Within";"CMG159_recut_s8_TT2_4.t";"Day 3";"FI";0,144329038
"311";"Within";"CMG159_recut_s8_TT2_5.t";"Day 3";"FI";0,090224399
"312";"Within";"CMG159_recut_s8_TT2_7.t";"Day 3";"FI";0,056131374
"313";"Within";"CMG159_recut_s8_TT2_8.t";"Day 3";"FI";0,218964913
"314";"Within";"CMG159_recut_s8_TT2_9.t";"Day 3";"FI";0,08557514
"315";"Within";"CMG159_recut_s8_TT4_1.t";"Day 3";"FI";0,296919443
"316";"Within";"CMG159_recut_s8_TT4_2.t";"Day 3";"FI";0,07482958
"317";"Within";"CMG159_recut_s8_TT4_4.t";"Day 3";"FI";0,063606595
"318";"Within";"CMG159_recut_s8_TT4_5.t";"Day 3";"FI";0,068507096
"319";"Within";"CMG159_recut_s8_TT4_6.t";"Day 3";"FI";0,116030261
"320";"Within";"CMG159_recut_s8_TT4_8.t";"Day 3";"FI";0,053650771
"321";"Within";"CMG159_recut_s8_TT4_9.t";"Day 3";"FI";0,052574695
"322";"Within";"CMG159_recut_s8_TT6_1.t";"Day 3";"FI";0,205876537
"323";"Within";"CMG159_recut_s8_TT6_2.t";"Day 3";"FI";0,215813527
"324";"Within";"CMG159_recut_s8_TT6_3.t";"Day 3";"FI";0,214052705
"325";"Within";"CMG159_recut_s8_TT6_4.t";"Day 3";"FI";0,064583498
"326";"Within";"JJ9_CA1_d3_TT2_02.t";"Day 3";"FI";0,083200783
"327";"Within";"JJ9_CA1_d3_TT2_03.t";"Day 3";"FI";0,162882896
"328";"Within";"JJ9_CA1_d3_TT5_01.t";"Day 3";"FI";0,139055924
"329";"Within";"JJ9_CA1_d3_TT5_02.t";"Day 3";"FI";0,770045878
"330";"Within";"JJ9_CA1_d3_TT5_03.t";"Day 3";"FI";1,30688837
"331";"Within";"JJ9_CA1_d3_TT5_04.t";"Day 3";"FI";0,305134989
"332";"Within";"K1_CA1_d4_TT2_1.t";"Day 3";"FI";0,18181214
"333";"Within";"K1_CA1_d4_TT2_5.t";"Day 3";"FI";0,095867377
"334";"Within";"K1_CA1_d4_TT4_2.t";"Day 3";"FI";0,016456249
"335";"Within";"MG1_d11_TT2_1.t";"Day 3";"FI";0,347871107
"336";"Within";"MG1_d11_TT2_2.t";"Day 3";"FI";0,310984886
"337";"Within";"MG1_d11_TT3_10.t";"Day 3";"FI";0,097015429
"338";"Within";"MG1_d11_TT3_11.t";"Day 3";"FI";0,132635016
"339";"Within";"MG1_d11_TT3_12.t";"Day 3";"FI";0,103326075
"340";"Within";"MG1_d11_TT3_13.t";"Day 3";"FI";0,03158543
"341";"Within";"MG1_d11_TT3_2.t";"Day 3";"FI";0,273396754
"342";"Within";"MG1_d11_TT3_4.t";"Day 3";"FI";0,206795157
"343";"Within";"MG1_d11_TT3_6.t";"Day 3";"FI";0,068653198
"344";"Within";"MG1_d11_TT3_7.t";"Day 3";"FI";0,202084491
"345";"Within";"MG1_d11_TT3_8.t";"Day 3";"FI";0,200906567
"346";"Within";"MG1_d11_TT3_9.t";"Day 3";"FI";0,190014617
"347";"Across";"AK42_CA1_d9_TT2_01.t";"Day 3";"FI";0,372355089
"348";"Across";"AK42_CA1_d9_TT2_02.t";"Day 3";"FI";0,271052261
"349";"Across";"AK42_CA1_d9_TT2_03.t";"Day 3";"FI";0,036236472
"350";"Across";"AK42_CA1_d9_TT4_01.t";"Day 3";"FI";0,189981405
"351";"Across";"AK42_CA1_d9_TT4_02.t";"Day 3";"FI";0,192462909
"352";"Across";"AK42_CA1_d9_TT4_05.t";"Day 3";"FI";0,158596912
"353";"Across";"AK42_CA1_d9_TT5_01.t";"Day 3";"FI";0,166753148
"354";"Across";"AK42_CA1_d9_TT5_02.t";"Day 3";"FI";0,056841254
"355";"Across";"AK42_CA1_d9_TT5_03.t";"Day 3";"FI";0,033537781
"356";"Across";"AK42_CA1_d9_TT5_04.t";"Day 3";"FI";0,318790022
"357";"Across";"AK42_CA1_d9_TT5_05.t";"Day 3";"FI";0,21736494
"358";"Across";"AK74_CA1_d3_TT4_01.t";"Day 3";"FI";0,117214572
"359";"Across";"AK74_CA1_d3_TT4_02.t";"Day 3";"FI";0,305369499
"360";"Across";"AK74_CA1_d3_TT4_04.t";"Day 3";"FI";0,102775675
"361";"Across";"AK74_CA1_d3_TT4_07.t";"Day 3";"FI";0,154339143
"362";"Across";"AK74_CA1_d3_TT4_08.t";"Day 3";"FI";0,099110298
"363";"Across";"CMG159_recut_s8_TT1_2.t";"Day 3";"FI";0,129647717
"364";"Across";"CMG159_recut_s8_TT1_3.t";"Day 3";"FI";0,906678391
"365";"Across";"CMG159_recut_s8_TT1_4.t";"Day 3";"FI";0,499081048
"366";"Across";"CMG159_recut_s8_TT2_1.t";"Day 3";"FI";0,119789881
"367";"Across";"CMG159_recut_s8_TT2_2.t";"Day 3";"FI";0,259582718
"368";"Across";"CMG159_recut_s8_TT2_4.t";"Day 3";"FI";0,159332997
"369";"Across";"CMG159_recut_s8_TT2_5.t";"Day 3";"FI";0,152215607
"370";"Across";"CMG159_recut_s8_TT2_7.t";"Day 3";"FI";0,052188976
"371";"Across";"CMG159_recut_s8_TT2_8.t";"Day 3";"FI";0,208196512
"372";"Across";"CMG159_recut_s8_TT2_9.t";"Day 3";"FI";0,295539659
"373";"Across";"CMG159_recut_s8_TT4_1.t";"Day 3";"FI";0,399870453
"374";"Across";"CMG159_recut_s8_TT4_2.t";"Day 3";"FI";0,144706662
"375";"Across";"CMG159_recut_s8_TT4_4.t";"Day 3";"FI";0,056468393
"376";"Across";"CMG159_recut_s8_TT4_5.t";"Day 3";"FI";0,107974058
"377";"Across";"CMG159_recut_s8_TT4_6.t";"Day 3";"FI";0,088883444
"378";"Across";"CMG159_recut_s8_TT4_8.t";"Day 3";"FI";0,049277049
"379";"Across";"CMG159_recut_s8_TT4_9.t";"Day 3";"FI";0,074399439
"380";"Across";"CMG159_recut_s8_TT6_1.t";"Day 3";"FI";0,227620901
"381";"Across";"CMG159_recut_s8_TT6_2.t";"Day 3";"FI";0,455514718
"382";"Across";"CMG159_recut_s8_TT6_3.t";"Day 3";"FI";0,341269612
"383";"Across";"CMG159_recut_s8_TT6_4.t";"Day 3";"FI";0,067121189
"384";"Across";"JJ9_CA1_d3_TT2_02.t";"Day 3";"FI";0,122041027
"385";"Across";"JJ9_CA1_d3_TT2_03.t";"Day 3";"FI";0,176937311
"386";"Across";"JJ9_CA1_d3_TT5_01.t";"Day 3";"FI";0,227353377
"387";"Across";"JJ9_CA1_d3_TT5_02.t";"Day 3";"FI";0,9626878
"388";"Across";"JJ9_CA1_d3_TT5_03.t";"Day 3";"FI";3,272724799
"389";"Across";"JJ9_CA1_d3_TT5_04.t";"Day 3";"FI";0,500541847
"390";"Across";"K1_CA1_d4_TT2_1.t";"Day 3";"FI";0,156572005
"391";"Across";"K1_CA1_d4_TT2_5.t";"Day 3";"FI";0,083790079
"392";"Across";"K1_CA1_d4_TT4_2.t";"Day 3";"FI";0,012034234
"393";"Across";"MG1_d11_TT2_1.t";"Day 3";"FI";0,325028508
"394";"Across";"MG1_d11_TT2_2.t";"Day 3";"FI";0,27338633
"395";"Across";"MG1_d11_TT3_10.t";"Day 3";"FI";0,095542674
"396";"Across";"MG1_d11_TT3_11.t";"Day 3";"FI";0,221581827
"397";"Across";"MG1_d11_TT3_12.t";"Day 3";"FI";0,09736188
"398";"Across";"MG1_d11_TT3_13.t";"Day 3";"FI";0,043095331
"399";"Across";"MG1_d11_TT3_2.t";"Day 3";"FI";0,236598424
"400";"Across";"MG1_d11_TT3_4.t";"Day 3";"FI";0,275586624
"401";"Across";"MG1_d11_TT3_6.t";"Day 3";"FI";0,096812899
"402";"Across";"MG1_d11_TT3_7.t";"Day 3";"FI";0,126516715
"403";"Across";"MG1_d11_TT3_8.t";"Day 3";"FI";0,21561658
"404";"Across";"MG1_d11_TT3_9.t";"Day 3";"FI";0,192977722
"405";"Within";"AK74_CA1_d1_TT4_05.t";"Day 1";"FS";0,069770616
"406";"Within";"CMG159_recut_s6_TT1_4.t";"Day 1";"FS";0,052224149
"407";"Within";"CMG159_recut_s6_TT2_1.t";"Day 1";"FS";0,094361384
"408";"Within";"CMG159_recut_s6_TT2_2.t";"Day 1";"FS";0,151323964
"409";"Within";"CMG159_recut_s6_TT4_1.t";"Day 1";"FS";0,075343247
"410";"Within";"CMG159_recut_s6_TT6_7.t";"Day 1";"FS";0,079044478
"411";"Within";"HGY1_recut_d1_TT4_5.t";"Day 1";"FS";0,037983875
"412";"Within";"MG1_d6_TT3_12.t";"Day 1";"FS";0,10745129
"413";"Across";"AK74_CA1_d1_TT4_05.t";"Day 1";"FS";0,065850657
"414";"Across";"CMG159_recut_s6_TT1_4.t";"Day 1";"FS";0,062146473
"415";"Across";"CMG159_recut_s6_TT2_1.t";"Day 1";"FS";0,088420858
"416";"Across";"CMG159_recut_s6_TT2_2.t";"Day 1";"FS";0,247205878
"417";"Across";"CMG159_recut_s6_TT4_1.t";"Day 1";"FS";0,057668766
"418";"Across";"CMG159_recut_s6_TT6_7.t";"Day 1";"FS";0,06589181
"419";"Across";"HGY1_recut_d1_TT4_5.t";"Day 1";"FS";0,030250877
"420";"Across";"MG1_d6_TT3_12.t";"Day 1";"FS";0,108453258
"421";"Within";"AK74_CA1_d2_TT4_01.t";"Day 2";"FS";0,089339342
"422";"Within";"AK74_CA1_d2_TT4_03.t";"Day 2";"FS";0,099900838
"423";"Within";"AK74_CA1_d2_TT4_04.t";"Day 2";"FS";0,144013312
"424";"Within";"AK74_CA1_d2_TT4_06.t";"Day 2";"FS";0,10971541
"425";"Within";"CMG159_recut_s7_TT1_1.t";"Day 2";"FS";0,171021833
"426";"Within";"CMG159_recut_s7_TT1_4.t";"Day 2";"FS";0,135686139
"427";"Within";"CMG159_recut_s7_TT2_3.t";"Day 2";"FS";0,07248029
"428";"Within";"CMG159_recut_s7_TT2_5.t";"Day 2";"FS";0,029892514
"429";"Within";"CMG159_recut_s7_TT2_8.t";"Day 2";"FS";0,038123725
"430";"Within";"CMG159_recut_s7_TT6_2.t";"Day 2";"FS";0,147534674
"431";"Within";"CMG159_recut_s7_TT6_5.t";"Day 2";"FS";0,239847814
"432";"Within";"MG1_d7_TT3_10.t";"Day 2";"FS";0,033498832
"433";"Within";"MG1_d7_TT3_2.t";"Day 2";"FS";0,070452983
"434";"Within";"MG1_d7_TT3_5.t";"Day 2";"FS";0,041594752
"435";"Across";"AK74_CA1_d2_TT4_01.t";"Day 2";"FS";0,219339002
"436";"Across";"AK74_CA1_d2_TT4_03.t";"Day 2";"FS";0,217127806
"437";"Across";"AK74_CA1_d2_TT4_04.t";"Day 2";"FS";0,207945012
"438";"Across";"AK74_CA1_d2_TT4_06.t";"Day 2";"FS";NA
"439";"Across";"CMG159_recut_s7_TT1_1.t";"Day 2";"FS";0,178502846
"440";"Across";"CMG159_recut_s7_TT1_4.t";"Day 2";"FS";0,128788244
"441";"Across";"CMG159_recut_s7_TT2_3.t";"Day 2";"FS";0,083989904
"442";"Across";"CMG159_recut_s7_TT2_5.t";"Day 2";"FS";0,036192291
"443";"Across";"CMG159_recut_s7_TT2_8.t";"Day 2";"FS";0,049673183
"444";"Across";"CMG159_recut_s7_TT6_2.t";"Day 2";"FS";NA
"445";"Across";"CMG159_recut_s7_TT6_5.t";"Day 2";"FS";0,748284498
"446";"Across";"MG1_d7_TT3_10.t";"Day 2";"FS";0,026547934
"447";"Across";"MG1_d7_TT3_2.t";"Day 2";"FS";0,066285529
"448";"Across";"MG1_d7_TT3_5.t";"Day 2";"FS";0,082477374
"449";"Within";"CMG159_recut_s8_TT1_1.t";"Day 3";"FS";0,07741605
"450";"Within";"CMG159_recut_s8_TT2_3.t";"Day 3";"FS";0,1567888
"451";"Within";"CMG159_recut_s8_TT2_6.t";"Day 3";"FS";0,061224505
"452";"Within";"CMG159_recut_s8_TT4_10.t";"Day 3";"FS";0,034854456
"453";"Within";"CMG159_recut_s8_TT4_3.t";"Day 3";"FS";0,085649505
"454";"Within";"CMG159_recut_s8_TT4_7.t";"Day 3";"FS";0,034004405
"455";"Within";"JJ9_CA1_d3_TT5_05.t";"Day 3";"FS";0,18314824
"456";"Within";"JJ9_CA1_d3_TT5_06.t";"Day 3";"FS";0,626603893
"457";"Within";"MG1_d11_TT3_1.t";"Day 3";"FS";0,121359802
"458";"Within";"MG1_d11_TT3_3.t";"Day 3";"FS";0,09011441
"459";"Within";"MG1_d11_TT3_5.t";"Day 3";"FS";0,142390756
"460";"Across";"CMG159_recut_s8_TT1_1.t";"Day 3";"FS";0,073059992
"461";"Across";"CMG159_recut_s8_TT2_3.t";"Day 3";"FS";0,552712415
"462";"Across";"CMG159_recut_s8_TT2_6.t";"Day 3";"FS";0,061124381
"463";"Across";"CMG159_recut_s8_TT4_10.t";"Day 3";"FS";0,06764396
"464";"Across";"CMG159_recut_s8_TT4_3.t";"Day 3";"FS";0,10381079
"465";"Across";"CMG159_recut_s8_TT4_7.t";"Day 3";"FS";0,061765187
"466";"Across";"JJ9_CA1_d3_TT5_05.t";"Day 3";"FS";0,171842468
"467";"Across";"JJ9_CA1_d3_TT5_06.t";"Day 3";"FS";0,611673135
"468";"Across";"MG1_d11_TT3_1.t";"Day 3";"FS";0,15755432
"469";"Across";"MG1_d11_TT3_3.t";"Day 3";"FS";0,079615394
"470";"Across";"MG1_d11_TT3_5.t";"Day 3";"FS";0,1664066
